slope,intercept
0.0004879032621412705,0.02554753526051723
